Practice_Code,ICB26CD,ICB26NM,Mapping_Basis,Practice_Postcode,LSOA21CD
H81013,E54000069,NHS Surrey and Sussex Integrated Care Board,NHS May 2026 practice mapping,GU16 6QQ,
H81027,E54000069,NHS Surrey and Sussex Integrated Care Board,NHS May 2026 practice mapping,GU9  9QS,
H81039,E54000069,NHS Surrey and Sussex Integrated Care Board,NHS May 2026 practice mapping,GU19 5AQ,
H81040,E54000069,NHS Surrey and Sussex Integrated Care Board,NHS May 2026 practice mapping,GU16 7HG,
H81047,E54000070,NHS Thames Valley Integrated Care Board,NHS May 2026 practice mapping,TW20 0PF,
H81069,E54000069,NHS Surrey and Sussex Integrated Care Board,NHS May 2026 practice mapping,GU15 2NN,
H81075,E54000069,NHS Surrey and Sussex Integrated Care Board,NHS May 2026 practice mapping,GU15 2HJ,
H81082,E54000069,NHS Surrey and Sussex Integrated Care Board,NHS May 2026 practice mapping,GU15 2QA,
H81088,E54000069,NHS Surrey and Sussex Integrated Care Board,NHS May 2026 practice mapping,GU9  7PT,
H81097,E54000069,NHS Surrey and Sussex Integrated Care Board,ONS May 2026 historical practice postcode,GU9  9QS,E01030893
H81110,E54000069,NHS Surrey and Sussex Integrated Care Board,NHS May 2026 practice mapping,GU10 4TG,
H81130,E54000069,NHS Surrey and Sussex Integrated Care Board,NHS May 2026 practice mapping,GU18 5SQ,
H81615,E54000069,NHS Surrey and Sussex Integrated Care Board,NHS May 2026 practice mapping,GU10 3RB,
H81620,E54000069,NHS Surrey and Sussex Integrated Care Board,ONS May 2026 historical practice postcode,GU15 1SE,E01030777
J82015,E54000067,NHS Hampshire and Isle of Wight Integrated Care Board,NHS May 2026 practice mapping,GU14 8QB,
J82030,E54000067,NHS Hampshire and Isle of Wight Integrated Care Board,ONS May 2026 historical practice postcode,GU11 1AY,E01034728
J82049,E54000067,NHS Hampshire and Isle of Wight Integrated Care Board,NHS May 2026 practice mapping,GU17 0DD,
J82066,E54000067,NHS Hampshire and Isle of Wight Integrated Care Board,NHS May 2026 practice mapping,GU11 1AY,
J82067,E54000067,NHS Hampshire and Isle of Wight Integrated Care Board,NHS May 2026 practice mapping,GU14 0NP,
J82099,E54000067,NHS Hampshire and Isle of Wight Integrated Care Board,NHS May 2026 practice mapping,GU52 7US,
J82110,E54000067,NHS Hampshire and Isle of Wight Integrated Care Board,NHS May 2026 practice mapping,GU51 4PE,
J82120,E54000067,NHS Hampshire and Isle of Wight Integrated Care Board,NHS May 2026 practice mapping,GU14 7AW,
J82125,E54000067,NHS Hampshire and Isle of Wight Integrated Care Board,NHS May 2026 practice mapping,GU14 0HQ,
J82142,E54000067,NHS Hampshire and Isle of Wight Integrated Care Board,NHS May 2026 practice mapping,GU12 4DN,
J82178,E54000067,NHS Hampshire and Isle of Wight Integrated Care Board,NHS May 2026 practice mapping,GU11 1BJ,
J82181,E54000067,NHS Hampshire and Isle of Wight Integrated Care Board,NHS May 2026 practice mapping,GU14 8UE,
J82198,E54000067,NHS Hampshire and Isle of Wight Integrated Care Board,NHS May 2026 practice mapping,GU11 1AY,
J82628,E54000067,NHS Hampshire and Isle of Wight Integrated Care Board,NHS May 2026 practice mapping,GU10 5RF,
J82630,E54000067,NHS Hampshire and Isle of Wight Integrated Care Board,NHS May 2026 practice mapping,GU14 6DH,
K81001,E54000070,NHS Thames Valley Integrated Care Board,NHS May 2026 practice mapping,RG12 9LH,
K81005,E54000070,NHS Thames Valley Integrated Care Board,ONS May 2026 historical practice postcode,SL2  5JP,E01016516
K81006,E54000070,NHS Thames Valley Integrated Care Board,ONS May 2026 historical practice postcode,GU47 0UB,E01016236
K81010,E54000070,NHS Thames Valley Integrated Care Board,NHS May 2026 practice mapping,SL5  0AE,
K81015,E54000070,NHS Thames Valley Integrated Care Board,NHS May 2026 practice mapping,SL6  3NW,
K81018,E54000070,NHS Thames Valley Integrated Care Board,NHS May 2026 practice mapping,SL6  6JJ,
K81019,E54000070,NHS Thames Valley Integrated Care Board,NHS May 2026 practice mapping,SL6  2SR,
K81020,E54000070,NHS Thames Valley Integrated Care Board,NHS May 2026 practice mapping,SL6  8AN,
K81021,E54000070,NHS Thames Valley Integrated Care Board,NHS May 2026 practice mapping,SL3  9EX,
K81023,E54000070,NHS Thames Valley Integrated Care Board,ONS May 2026 historical practice postcode,RG45 7BN,E01016206
K81024,E54000070,NHS Thames Valley Integrated Care Board,NHS May 2026 practice mapping,SL3  8LE,
K81028,E54000070,NHS Thames Valley Integrated Care Board,NHS May 2026 practice mapping,SL5  0QJ,
K81030,E54000070,NHS Thames Valley Integrated Care Board,NHS May 2026 practice mapping,RG12 7WW,
K81032,E54000070,NHS Thames Valley Integrated Care Board,ONS May 2026 historical practice postcode,RG12 9PG,E01035241
K81034,E54000070,NHS Thames Valley Integrated Care Board,NHS May 2026 practice mapping,SL1  3NY,
K81036,E54000070,NHS Thames Valley Integrated Care Board,NHS May 2026 practice mapping,SL6  8AJ,
K81039,E54000070,NHS Thames Valley Integrated Care Board,ONS May 2026 historical practice postcode,SL2  2DG,E01016451
K81042,E54000070,NHS Thames Valley Integrated Care Board,NHS May 2026 practice mapping,SL6  9HX,
K81043,E54000070,NHS Thames Valley Integrated Care Board,NHS May 2026 practice mapping,SL1  1TT,
K81046,E54000070,NHS Thames Valley Integrated Care Board,NHS May 2026 practice mapping,SL4  3EW,
K81060,E54000070,NHS Thames Valley Integrated Care Board,NHS May 2026 practice mapping,RG42 4EX,
K81066,E54000070,NHS Thames Valley Integrated Care Board,NHS May 2026 practice mapping,SL6  6EL,
K81068,E54000070,NHS Thames Valley Integrated Care Board,NHS May 2026 practice mapping,SL4  1BZ,
K81074,E54000070,NHS Thames Valley Integrated Care Board,NHS May 2026 practice mapping,SL4  5AS,
K81075,E54000070,NHS Thames Valley Integrated Care Board,NHS May 2026 practice mapping,SL2  1HD,
K81076,E54000070,NHS Thames Valley Integrated Care Board,NHS May 2026 practice mapping,SL5  7GB,
K81082,E54000070,NHS Thames Valley Integrated Care Board,NHS May 2026 practice mapping,SL1  5ND,
K81083,E54000070,NHS Thames Valley Integrated Care Board,NHS May 2026 practice mapping,SL1  6BB,
K81084,E54000070,NHS Thames Valley Integrated Care Board,NHS May 2026 practice mapping,SL6  8DS,
K81085,E54000070,NHS Thames Valley Integrated Care Board,NHS May 2026 practice mapping,SL1  3DQ,
K81086,E54000070,NHS Thames Valley Integrated Care Board,NHS May 2026 practice mapping,SL1  3XU,
K81087,E54000070,NHS Thames Valley Integrated Care Board,NHS May 2026 practice mapping,RG12 7BB,
K81089,E54000070,NHS Thames Valley Integrated Care Board,ONS May 2026 historical practice postcode,SL1  2PX,E01016462
K81094,E54000070,NHS Thames Valley Integrated Care Board,NHS May 2026 practice mapping,RG12 8WY,
K81097,E54000070,NHS Thames Valley Integrated Care Board,NHS May 2026 practice mapping,SL6  3PH,
K81607,E54000070,NHS Thames Valley Integrated Care Board,NHS May 2026 practice mapping,SL6  7DQ,
K81608,E54000070,NHS Thames Valley Integrated Care Board,NHS May 2026 practice mapping,SL1  5PP,
K81610,E54000070,NHS Thames Valley Integrated Care Board,NHS May 2026 practice mapping,RG12 9PG,
K81616,E54000070,NHS Thames Valley Integrated Care Board,NHS May 2026 practice mapping,SL2  5JE,
K81630,E54000070,NHS Thames Valley Integrated Care Board,NHS May 2026 practice mapping,SL4  6AP,
K81645,E54000070,NHS Thames Valley Integrated Care Board,NHS May 2026 practice mapping,SL2  5JP,
K81655,E54000070,NHS Thames Valley Integrated Care Board,NHS May 2026 practice mapping,SL5  7GB,
K81656,E54000070,NHS Thames Valley Integrated Care Board,NHS May 2026 practice mapping,RG12 0TH,
K81657,E54000070,NHS Thames Valley Integrated Care Board,NHS May 2026 practice mapping,RG12 1LH,
Y00265,E54000070,NHS Thames Valley Integrated Care Board,NHS May 2026 practice mapping,SL1  2BJ,
Y00437,E54000070,NHS Thames Valley Integrated Care Board,NHS May 2026 practice mapping,SL3  8HD,
